-- Insertar datos en la tabla de roles
INSERT INTO TBL_ROL (ROL) VALUES
('ADMIN'),
('CLIENTE');

-- Insertar datos en la tabla de departamentos
INSERT INTO TBL_DEPARTAMENTOS (NOMBRE_DEPTO) VALUES
('Atlántida'),
('Colón'),
('Comayagua'),
('Copán'),
('Cortés'),
('Choluteca'),
('El Paraíso'),
('Francisco Morazán'),
('Gracias a Dios'),
('Intibucá'),
('Islas de la Bahía'),
('La Paz'),
('Lempira'),
('Ocotepeque'),
('Olancho'),
('Santa Bárbara'),
('Valle'),
('Yoro');

-- Insertar datos en la tabla de municipios
INSERT INTO TBL_MUNICIPIOS (ID_DEPTO, NOMBRE_MUNICIPIO) VALUES
(1, 'La Ceiba'),
(1, 'Tela'),
(1, 'Jutiapa'),
(1, 'El Porvenir'),
(2, 'Trujillo'),
(2, 'Tocoa'),
(2, 'Sonaguera'),
(2, 'Iriona'),
(3, 'Comayagua'),
(3, 'Siguatepeque'),
(3, 'La Libertad'),
(4, 'Santa Rosa de Copán'),
(4, 'Gracias'),
(4, 'La Entrada'),
(5, 'San Pedro Sula'),
(5, 'Choloma'),
(5, 'La Lima'),
(5, 'Puerto Cortés'),
(6, 'Choluteca'),
(6, 'Pespire'),
(6, 'San Marcos de Colón'),
(7, 'Yuscarán'),
(7, 'Danlí'),
(7, 'Guinope'),
(8, 'Tegucigalpa'),
(8, 'Comayagüela'),
(8, 'Valle de Ángeles'),
(8, 'Santa Lucía'),
(9, 'Puerto Lempira'),
(9, 'Brus Laguna'),
(9, 'Ahúas'),
(10, 'La Esperanza'),
(10, 'Intibucá'),
(10, 'San Juan'),
(11, 'Roatán'),
(11, 'Utila'),
(11, 'Guanaja'),
(12, 'La Paz'),
(12, 'Marcala'),
(12, 'Santa Elena'),
(13, 'Gracias'),
(13, 'La Iguala'),
(13, 'Candelaria'),
(14, 'Nueva Ocotepeque'),
(14, 'San Marcos'),
(14, 'Dolores'),
(15, 'Juticalpa'),
(15, 'Catacamas'),
(15, 'Salamá'),
(16, 'Santa Bárbara'),
(16, 'San Pedro Zacapa'),
(16, 'Macuelizo'),
(17, 'Nacaome'),
(17, 'Langue'),
(17, 'San Francisco de Coray'),
(18, 'Yoro'),
(18, 'El Progreso'),
(18, 'Morazán');

-- Insertar datos en la tabla de ciudades
INSERT INTO TBL_CIUDADES (ID_MUNICIPIO, NOMBRE_CIUDAD) VALUES
(1, 'La Ceiba'),
(2, 'Tela'),
(3, 'Jutiapa'),
(4, 'El Porvenir'),
(5, 'Trujillo'),
(6, 'Tocoa'),
(7, 'Sonaguera'),
(8, 'Iriona'),
(9, 'Comayagua'),
(10, 'Siguatepeque'),
(11, 'La Libertad'),
(12, 'Santa Rosa de Copán'),
(13, 'Gracias'),
(14, 'La Entrada'),
(15, 'San Pedro Sula'),
(16, 'Choloma'),
(17, 'La Lima'),
(18, 'Puerto Cortés'),
(19, 'Choluteca'),
(20, 'Pespire'),
(21, 'San Marcos de Colón'),
(22, 'Yuscarán'),
(23, 'Danlí'),
(24, 'Guinope'),
(25, 'Tegucigalpa'),
(26, 'Comayagüela'),
(27, 'Valle de Ángeles'),
(28, 'Santa Lucía'),
(29, 'Puerto Lempira'),
(30, 'Brus Laguna'),
(31, 'Ahúas'),
(32, 'La Esperanza'),
(33, 'Intibucá'),
(34, 'San Juan'),
(35, 'Roatán'),
(36, 'Utila'),
(37, 'Guanaja'),
(38, 'La Paz'),
(39, 'Marcala'),
(40, 'Santa Elena'),
(41, 'Gracias'),
(42, 'La Iguala'),
(43, 'Candelaria'),
(44, 'Nueva Ocotepeque'),
(45, 'San Marcos'),
(46, 'Dolores'),
(47, 'Juticalpa'),
(48, 'Catacamas'),
(49, 'Salamá'),
(50, 'Santa Bárbara'),
(51, 'San Pedro Zacapa'),
(52, 'Macuelizo'),
(53, 'Nacaome'),
(54, 'Langue'),
(55, 'San Francisco de Coray'),
(56, 'Yoro'),
(57, 'El Progreso'),
(58, 'Morazán');

-- Ejemplos de colonias para Atlántida
INSERT INTO TBL_COLONIAS (ID_CIUDAD, NOMBRE_COLONIA, LATITUD, LONGITUD) VALUES
(7, 'Colonia El Porvenir', 15.7539, -87.4539),
(7, 'Residencial Puerto Escondido', 15.8012, -87.4603),
(7, 'Barrio El Porvenir', 15.7634, -87.4598),
(7, 'Colonia La Ceiba', 15.7991, -87.4515),
(7, 'Barrio La Masica', 15.6078, -87.2205),
(7, 'Colonia La Masica', 15.6086, -87.2191),
(7, 'Barrio La Ceiba', 15.7654, -87.4522);

-- Ejemplos de colonias para Comayagua
INSERT INTO TBL_COLONIAS (ID_CIUDAD, NOMBRE_COLONIA, LATITUD, LONGITUD) VALUES
(12, 'Residencial Valle de Ángeles', 14.3167, -87.6833),
(12, 'Colonia El Naranjal', 14.4506, -87.6499),
(12, 'Barrio El Centro', 14.4582, -87.6419),
(12, 'Colonia San Antonio', 14.4615, -87.6443),
(12, 'Barrio El Hospital', 14.4513, -87.6415),
(12, 'Colonia El Hato', 14.4321, -87.6364),
(12, 'Residencial Las Flores', 14.4537, -87.6456);

-- Ejemplos de colonias para Copán
INSERT INTO TBL_COLONIAS (ID_CIUDAD, NOMBRE_COLONIA, LATITUD, LONGITUD) VALUES
(11, 'Barrio Copán Ruinas', 14.8409, -89.1414),
(11, 'Colonia La Fortuna', 14.8343, -89.1572),
(11, 'Residencial Las Lomas', 14.8436, -89.1512),
(11, 'Colonia Santa Rita', 14.8472, -89.1438),
(11, 'Barrio El Centro', 14.8392, -89.1418),
(11, 'Colonia Las Brisas', 14.8387, -89.1395),
(11, 'Residencial San Rafael', 14.8361, -89.1367);

-- Ejemplos de colonias para Cortés
INSERT INTO TBL_COLONIAS (ID_CIUDAD, NOMBRE_COLONIA, LATITUD, LONGITUD) VALUES
(8, 'Residencial Los Alpes', 15.5121, -88.0285),
(8, 'Colonia Villanueva', 15.5123, -88.0296),
(8, 'Barrio Guamilito', 15.4979, -88.0297),
(8, 'Colonia Suyapa', 15.5048, -88.0402),
(8, 'Barrio El Centro', 15.4947, -88.0286),
(8, 'Colonia Cerrito Lindo', 15.5031, -88.0235),
(8, 'Residencial Brisas del Valle', 15.4907, -88.0279);

-- Ejemplos de colonias para Choluteca
INSERT INTO TBL_COLONIAS (ID_CIUDAD, NOMBRE_COLONIA, LATITUD, LONGITUD) VALUES
(5, 'Residencial Los Laureles', 13.2985, -87.1876),
(5, 'Colonia Suyapa', 13.2981, -87.1779),
(5, 'Barrio El Centro', 13.3001, -87.1871),
(5, 'Colonia San Marcos', 13.2923, -87.1793),
(5, 'Barrio La Isleta', 13.3022, -87.1822),
(5, 'Colonia Los Pinos', 13.3035, -87.1905),
(5, 'Residencial Brisas del Sur', 13.2987, -87.1964);

